<?xml version="1.0" encoding="UTF-8"?>
<project-private xmlns="http://www.netbeans.org/ns/project-private/1">
    <editor-bookmarks xmlns="http://www.netbeans.org/ns/editor-bookmarks/2" lastBookmarkId="0"/>
    <open-files xmlns="http://www.netbeans.org/ns/projectui-open-files/2">
        <group>
            <file>file:/C:/Users/Admin/Desktop/New%20folder/asmprj/src/java/controller/LoginControll.java</file>
            <file>file:/C:/Users/Admin/Desktop/New%20folder/asmprj/web/view/productionplan/create.jsp</file>
            <file>file:/C:/Users/Admin/Desktop/New%20folder/asmprj/src/java/context/DBContext.java</file>
            <file>file:/C:/Users/Admin/Desktop/New%20folder/asmprj/src/java/controller/ProductionPlanControll.java</file>
            <file>file:/C:/Users/Admin/Desktop/New%20folder/asmprj/src/java/context/PlanDBContext.java</file>
            <file>file:/C:/Users/Admin/Desktop/New%20folder/asmprj/src/java/context/ProductDBContext.java</file>
        </group>
    </open-files>
</project-private>
